col,row,serial,parallel
768,3333,116.724000,57.700000
64,490,0.106000,0.425000
128,200,0.230000,0.703000
256,500,1.194000,1.964000
512,750,22.413000,10.259000
178,1000,0.584000,1.043000
