col,row,serial,parallel
768,3333,71.304000,15.629000
64,490,0.068000,0.367000
128,200,0.228000,0.791000
256,500,1.797000,1.976000
512,750,15.609000,5.800000
178,1000,0.769000,1.145000
